﻿{
  // ACTION REQUIRED: This file was automatically added to your project, but it
  // will not take effect until additional steps are taken to enable it. See the
  // following page for additional information:
  //
  // https://github.com/DotNetAnalyzers/StyleCopAnalyzers/blob/master/documentation/EnableConfiguration.md

  "$schema": "https://raw.githubusercontent.com/DotNetAnalyzers/StyleCopAnalyzers/master/StyleCop.Analyzers/StyleCop.Analyzers/Settings/stylecop.schema.json",
  "settings": {
    "layoutRules": {
      "newlineAtEndOfFile": "require"
    },
    "namingRules": {
      "allowCommonHungarianPrefixes": true,
      "allowedHungarianPrefixes": [ "db", "at", "or", "up", "it", "un", "x", "y", "id", "ip", "bg" ]
    },
    "documentationRules": {
      "companyName": "Products",
      "copyrightText": "Copyright (c) {companyName}. All Rights Reserved.",
      "documentInterfaces": false,
      "documentInternalElements": false
    },
    "orderingRules": {
      "usingDirectivesPlacement": "insideNamespace",
      "systemUsingDirectivesFirst": true,
      "blankLinesBetweenUsingGroups": "require"
    }
  }
}
